Street Address,City,State,ZIP
200 East Colfax Avenue,Denver,CO,80203
416 Sid Snyder Avenue Southwest,Olympia,WA,98504
125 West State Street,Trenton,NJ,08608
300 Southwest 10th Avenue,Topeka,KS,66612
401 South 2nd Street,Springfield,IL,62706
206 Washington Street Southwest,Atlanta,GA,30334
1 Capitol Square,Columbus,OH,43215
489 Old Santa Fe Trail,Santa Fe,NM,87501
900 Court Street Northeast,Salem,OR,97301
1315 10th Street,Sacramento,CA,95814
1000 Bank Street,Richmond,VA,23219
82 Smith Street,Providence,RI,02903
500 East Capitol Avenue,Pierre,SD,57501
1700 West Washington Street,Phoenix,AZ,85007
2300 North Lincoln Boulevard,Oklahoma City,OK,73105
600 Charlotte Avenue,Nashville,TN,37219
115 State Street,Montpelier,VT,05633
600 Dexter Avenue,Montgomery,AL,36130
2 East Main Street,Madison,WI,53703
500 Woodlane Street,Little Rock,AR,72201
1445 K Street,Lincoln,NE,68508
Capitol Avenue and Michigan Avenue,Lansing,MI,48909
400 High Street,Jackson,MS,39201
200 West Washington Street,Indianapolis,IN,46204
1301 East 6th Avenue,Helena,MT,59601
210 Capitol Avenue,Hartford,CT,06106
North 3rd Street and State Street,Harrisburg,PA,17120
East 9th Street and Grand Avenue,Des Moines,IA,50307
11 Gervais Street,Columbia,SC,29201
200 West 24th Street,Cheyenne,WY,82002
1900 Kanawha Boulevard East,Charleston,WV,25305
101 North Carson Street,Carson City,NV,89701
North 3rd Street and State Capitol Drive,Baton Rouge,LA,70802
1100 Congress Avenue,Austin,TX,78701
100 State Circle,Annapolis,MD,21401
State Street,Albany,NY,12224
201 West Capitol Avenue,Jefferson City,MO,65101
120 East 4th Avenue,Juneau,AK,99801
411 Legislative Avenue,Dover,DE,19901
400 South Monroe Street,Tallahassee,FL,32399
415 South Beretania Street,Honolulu,HI,96813
700 West Jefferson Street,Boise,ID,83702
700 Capitol Avenue Loop,Frankfort,KY,40601
107 North Main Street,Concord,NH,03301
210 State Street,Augusta,ME,04330
Beacon Street and Park Street,Boston,MA,02108
75 Reverend Doctor Martin Luther King Junior Boulevard,Saint Paul,MN,55155
1 East Edenton Street,Raleigh,NC,27601
600 East Boulevard Avenue,Bismarck,ND,58505
350 North State Street,Salt Lake City,UT,84103
Independence Avenue and 1st Street,Washington,DC,20016
50001 EOB Loop,Pago Pago,AS,96799
208 Calle O'Donnell,San Juan,PR,00901
Veterans Drive at Forte Strade,Charlotte Amalie Saint Thomas,VI,00804
155 Hesler Place,Hagatna,GU,96910
Isa Drive and Pagan Loop,Saipan,MP,96950